id,nombre,apellido,email,nacionalidad
1,Chandler,Ipplett,cipplett0@stanford.edu,Portugal
2,Sasha,Durnford,sdurnford1@mashable.com,China
3,Lezley,Lammertz,llammertz2@phpbb.com,Philippines
4,Baudoin,Lampen,blampen3@nifty.com,China
5,Dyana,Reiners,dreiners4@salon.com,France
6,Ashley,Rowell,arowell5@ycombinator.com,El Salvador
7,Brina,Brockhouse,bbrockhouse6@mac.com,Poland
8,Kinsley,Callum,kcallum7@livejournal.com,Indonesia
9,Christy,Fortune,cfortune8@disqus.com,Philippines
10,Lorri,Milington,lmilington9@wp.com,Norway
11,Celesta,Weekley,cweekleya@lycos.com,Poland
12,Grier,Gresley,ggresleyb@gnu.org,Haiti
13,Gilbertine,Boundy,gboundyc@digg.com,Indonesia
14,Glenna,Ferber,gferberd@scientificamerican.com,Croatia
15,Giovanni,Dodshon,gdodshone@about.me,Portugal
16,Hedwig,Cheshir,hcheshirf@google.cn,Indonesia
17,Rhianon,Basson,rbassong@tripod.com,China
18,Agustin,Yakubov,ayakubovh@archive.org,China
19,Rudyard,Allon,ralloni@nationalgeographic.com,Sweden
20,Kelsy,Kesey,kkeseyj@creativecommons.org,Sweden
21,Agathe,Dome,adomek@friendfeed.com,Norway
22,Lindsay,Cecchi,lcecchil@cocolog-nifty.com,Costa Rica
23,Karilynn,Mound,kmoundm@umich.edu,Japan
24,Lucio,Lowson,llowsonn@wiley.com,Chile
25,Willdon,Fessier,wfessiero@netlog.com,Argentina
26,Lacee,Vonderdell,lvonderdellp@fastcompany.com,Russia
27,Joella,Blayd,jblaydq@prweb.com,Indonesia
28,Marjorie,McNaught,mmcnaughtr@hugedomains.com,Indonesia
29,Tova,Batsford,tbatsfords@epa.gov,Tajikistan
30,Emilie,Celle,ecellet@php.net,Philippines
31,Lisetta,Dreng,ldrengu@hubpages.com,Paraguay
32,Diannne,Bodiam,dbodiamv@g.co,Philippines
33,Abram,Burk,aburkw@boston.com,Portugal
34,Odelia,Pooly,opoolyx@com.com,China
35,Fiorenze,Prettyjohn,fprettyjohny@unicef.org,Panama
36,Georgette,Spradbery,gspradberyz@biglobe.ne.jp,China
37,Lenore,Purvess,lpurvess10@exblog.jp,China
38,Adan,Laviss,alaviss11@google.nl,China
39,Gertrud,Parlor,gparlor12@narod.ru,Malaysia
40,Al,Sperling,asperling13@vkontakte.ru,Ivory Coast
41,Iormina,Spores,ispores14@stumbleupon.com,Russia
42,Bailey,Cowap,bcowap15@rambler.ru,Colombia
43,Sibby,Lawrance,slawrance16@craigslist.org,China
44,Meggi,Covell,mcovell17@rambler.ru,Panama
45,Viviyan,Lewer,vlewer18@slideshare.net,Slovenia
46,Alecia,Awcoate,aawcoate19@miibeian.gov.cn,Bangladesh
47,Luis,Hunnisett,lhunnisett1a@telegraph.co.uk,Mexico
48,Antonin,Denisevich,adenisevich1b@purevolume.com,United States
49,Britt,Dymock,bdymock1c@delicious.com,Canada
50,Farrel,Evison,fevison1d@blinklist.com,Croatia
51,Alano,De Castri,adecastri1e@linkedin.com,Indonesia
52,Reider,Delatour,rdelatour1f@mozilla.org,China
53,Derick,Vanlint,dvanlint1g@wufoo.com,Ukraine
54,Bart,Skoyles,bskoyles1h@cnn.com,Armenia
55,Eddie,Gorry,egorry1i@slate.com,Bulgaria
56,Rodney,Dulin,rdulin1j@thetimes.co.uk,Argentina
57,Tammy,Jent,tjent1k@netlog.com,Russia
58,Egbert,Quartley,equartley1l@mail.ru,Philippines
59,Tabitha,Habbergham,thabbergham1m@bravesites.com,Sweden
60,Harrie,Girt,hgirt1n@tripadvisor.com,Slovenia
61,Billy,Anyon,banyon1o@webs.com,Philippines
62,Svend,Toquet,stoquet1p@delicious.com,China
63,Hamnet,Shemming,hshemming1q@blog.com,Portugal
64,Pierrette,Bolam,pbolam1r@marketwatch.com,Poland
65,Bastien,Spenton,bspenton1s@bluehost.com,Russia
66,Jackelyn,Salzburger,jsalzburger1t@odnoklassniki.ru,China
67,Caz,Hickin,chickin1u@storify.com,Syria
68,Merissa,Rulf,mrulf1v@jalbum.net,Indonesia
69,Germain,Faithorn,gfaithorn1w@vimeo.com,China
70,Cleve,Schruyer,cschruyer1x@csmonitor.com,Brazil
71,Verina,Peto,vpeto1y@wiley.com,Brazil
72,Saraann,Morris,smorris1z@sbwire.com,Argentina
73,Corinne,Lippitt,clippitt20@go.com,China
74,Clair,Delucia,cdelucia21@mtv.com,China
75,Cairistiona,Runciman,crunciman22@merriam-webster.com,Serbia
76,Debra,Eakens,deakens23@histats.com,Thailand
77,Jordanna,Kalinsky,jkalinsky24@ycombinator.com,France
78,Bendick,Scoterbosh,bscoterbosh25@redcross.org,Namibia
79,Zora,Gapper,zgapper26@cpanel.net,Ireland
80,Tiffy,MacGaughie,tmacgaughie27@bloglines.com,Indonesia
81,Amabelle,Shutler,ashutler28@answers.com,China
82,Arne,Halburton,ahalburton29@npr.org,Suriname
83,Obidiah,McEnteggart,omcenteggart2a@businessweek.com,Morocco
84,Brittaney,Uttermare,buttermare2b@ft.com,Ivory Coast
85,Yetta,Gravenor,ygravenor2c@army.mil,Poland
86,Moshe,Tomaszewski,mtomaszewski2d@nyu.edu,Indonesia
87,Timothy,Petruska,tpetruska2e@angelfire.com,Philippines
88,Tammie,Vickery,tvickery2f@google.com.br,Kuwait
89,Timmie,Bacop,tbacop2g@google.com,China
90,Guillermo,Erie,gerie2h@goo.ne.jp,Mexico
91,Solomon,Abramzon,sabramzon2i@yale.edu,Israel
92,Heddi,Figures,hfigures2j@technorati.com,Palestinian Territory
93,Fannie,Thredder,fthredder2k@hibu.com,China
94,Hali,Daskiewicz,hdaskiewicz2l@google.it,Pakistan
95,Rafaello,Cestard,rcestard2m@about.me,French Polynesia
96,Theda,Wallentin,twallentin2n@java.com,Russia
97,Torry,Spataro,tspataro2o@gravatar.com,Indonesia
98,Bron,Figure,bfigure2p@hp.com,Tajikistan
99,Lorens,Bonsale,lbonsale2q@arstechnica.com,Russia
100,Kim,Duffill,kduffill2r@dagondesign.com,China
101,Hamish,Troth,htroth2s@craigslist.org,Portugal
102,Barbi,Coldrick,bcoldrick2t@aboutads.info,Belarus
103,Giorgi,Lugton,glugton2u@cyberchimps.com,United States
104,Denis,Battram,dbattram2v@creativecommons.org,Ukraine
105,Barbey,Mannagh,bmannagh2w@aol.com,Argentina
106,Edsel,Malimoe,emalimoe2x@naver.com,Russia
107,Jennica,Josling,jjosling2y@businessinsider.com,China
108,Aurlie,Polfer,apolfer2z@google.cn,China
109,Robena,Sargant,rsargant30@dion.ne.jp,Czech Republic
110,Burton,Rustich,brustich31@cnn.com,China
111,Sollie,Doggart,sdoggart32@themeforest.net,China
112,Elbertine,O'Brollachain,eobrollachain33@macromedia.com,France
113,Caressa,Bramsen,cbramsen34@slideshare.net,Philippines
114,Jamison,McDavitt,jmcdavitt35@wordpress.com,Ukraine
115,Thedrick,Thiolier,tthiolier36@imgur.com,Mongolia
116,Ailene,Sowrey,asowrey37@dropbox.com,China
117,Randene,Orford,rorford38@bing.com,Philippines
118,Valentine,Treven,vtreven39@google.co.uk,Dominican Republic
119,Kermy,Buyers,kbuyers3a@noaa.gov,Indonesia
120,Arden,Dwelly,adwelly3b@sogou.com,Ukraine
121,Mordy,Cornill,mcornill3c@shareasale.com,South Korea
122,Prudi,Winslow,pwinslow3d@youtube.com,Colombia
123,Alix,Dinsell,adinsell3e@ehow.com,Yemen
124,Abrahan,Leehane,aleehane3f@economist.com,Mongolia
125,Fallon,Marron,fmarron3g@ebay.com,Netherlands
126,Rodina,Eplate,replate3h@sina.com.cn,China
127,Alberta,Runacres,arunacres3i@weebly.com,Uruguay
128,Townie,Spedroni,tspedroni3j@dion.ne.jp,Russia
129,Carlene,Rawsthorn,crawsthorn3k@trellian.com,Indonesia
130,Sheila-kathryn,Allchin,sallchin3l@goo.ne.jp,Indonesia
131,Flora,Bretherton,fbretherton3m@prlog.org,Indonesia
132,Irv,Peinke,ipeinke3n@dailymail.co.uk,Czech Republic
133,Neddy,Sherrington,nsherrington3o@360.cn,China
134,Krysta,Ambroix,kambroix3p@google.com.au,New Caledonia
135,Ronald,Brockelsby,rbrockelsby3q@berkeley.edu,Brazil
136,Hyacinthie,Garraway,hgarraway3r@google.co.jp,Russia
137,Levey,Kernermann,lkernermann3s@trellian.com,Ukraine
138,Katrine,O'Hallagan,kohallagan3t@pcworld.com,Pakistan
139,Eugine,Airy,eairy3u@baidu.com,Armenia
140,Concordia,Kyberd,ckyberd3v@is.gd,Sweden
141,Salvidor,Carling,scarling3w@nba.com,Indonesia
142,Peggy,Pinsent,ppinsent3x@google.nl,China
143,Calvin,Challiss,cchalliss3y@washingtonpost.com,China
144,Elijah,Sorro,esorro3z@flavors.me,Japan
145,Lacy,Rodolf,lrodolf40@amazonaws.com,Russia
146,Christie,Oleszcuk,coleszcuk41@uiuc.edu,Greece
147,Waverly,Suttell,wsuttell42@examiner.com,Indonesia
148,Harriet,Ochterlony,hochterlony43@walmart.com,Philippines
149,Lila,Lune,llune44@dropbox.com,Argentina
150,Bancroft,Brach,bbrach45@de.vu,France
151,Hester,Baseke,hbaseke46@java.com,Sweden
152,Merola,Parrish,mparrish47@creativecommons.org,Kenya
153,Palm,Varns,pvarns48@amazonaws.com,Vietnam
154,Denver,Carlisi,dcarlisi49@soundcloud.com,Pakistan
155,Vicky,Tabart,vtabart4a@biglobe.ne.jp,China
156,Adrianne,Bidnall,abidnall4b@github.com,Czech Republic
157,Gail,Winks,gwinks4c@wunderground.com,Japan
158,Baird,Devaney,bdevaney4d@yahoo.co.jp,Indonesia
159,Marchelle,Payler,mpayler4e@earthlink.net,Botswana
160,Cherie,Derisley,cderisley4f@businesswire.com,Sierra Leone
161,Hunter,Dundon,hdundon4g@bloglovin.com,Portugal
162,Laural,Stean,lstean4h@fc2.com,China
163,Trenton,Buchan,tbuchan4i@yellowbook.com,Honduras
164,Flynn,Bullion,fbullion4j@yale.edu,Indonesia
165,Lorain,Keneleyside,lkeneleyside4k@delicious.com,Malaysia
166,Bud,Fylan,bfylan4l@prweb.com,Peru
167,Annelise,Beloe,abeloe4m@wisc.edu,France
168,Taylor,Messier,tmessier4n@elegantthemes.com,Argentina
169,Celestyn,Spalding,cspalding4o@berkeley.edu,Brazil
170,Alix,Amberg,aamberg4p@edublogs.org,Myanmar
171,Clemmy,Gioani,cgioani4q@goo.ne.jp,Thailand
172,Xylia,Tenman,xtenman4r@usa.gov,Philippines
173,Margi,Colnett,mcolnett4s@1688.com,France
174,Kathie,Taudevin,ktaudevin4t@goodreads.com,Panama
175,Hildy,Adshad,hadshad4u@reference.com,China
176,Lisbeth,Bielby,lbielby4v@biglobe.ne.jp,China
177,Sandy,Sonier,ssonier4w@berkeley.edu,Albania
178,Madelin,Gunbie,mgunbie4x@stumbleupon.com,Philippines
179,Giana,Cumberledge,gcumberledge4y@toplist.cz,Japan
180,Alexina,Goodwyn,agoodwyn4z@china.com.cn,South Africa
181,Halsey,Girsch,hgirsch50@wsj.com,Nigeria
182,Kirsti,Duxbury,kduxbury51@wisc.edu,China
183,Dory,Lissandri,dlissandri52@blog.com,Martinique
184,Scotty,Craigs,scraigs53@sina.com.cn,China
185,Mahmoud,Battrick,mbattrick54@istockphoto.com,Poland
186,Carrissa,Tellesson,ctellesson55@cnet.com,Indonesia
187,Carney,Aberhart,caberhart56@dedecms.com,Costa Rica
188,Daffy,Heart,dheart57@illinois.edu,Indonesia
189,Susan,Pergens,spergens58@unblog.fr,China
190,Berne,Rafferty,brafferty59@godaddy.com,Ukraine
191,Orran,Millam,omillam5a@netlog.com,Serbia
192,Berget,Wildgoose,bwildgoose5b@blinklist.com,Portugal
193,Devan,Whordley,dwhordley5c@walmart.com,China
194,Orland,Batterbee,obatterbee5d@sohu.com,Albania
195,Kara-lynn,Haggus,khaggus5e@multiply.com,China
196,Fraser,Antonov,fantonov5f@goodreads.com,Greece
197,Annadiane,Wardle,awardle5g@walmart.com,China
198,Gunner,Sancraft,gsancraft5h@uol.com.br,Dominican Republic
199,Dilan,Wyness,dwyness5i@discovery.com,China
200,Samara,Court,scourt5j@google.ca,Syria
201,Nathaniel,Dewis,ndewis5k@webs.com,United States
202,Judi,Rawsthorne,jrawsthorne5l@usda.gov,Sweden
203,Edvard,Maybery,emaybery5m@boston.com,Russia
204,Marti,Brissard,mbrissard5n@ning.com,Indonesia
205,Marieann,Goves,mgoves5o@dell.com,China
206,Roth,Slite,rslite5p@icio.us,Afghanistan
207,Isahella,Tuckwood,ituckwood5q@thetimes.co.uk,Ukraine
208,Lemmy,Huyghe,lhuyghe5r@earthlink.net,Indonesia
209,Tanya,Shawl,tshawl5s@tinypic.com,Russia
210,Bambi,Fulk,bfulk5t@sina.com.cn,Philippines
211,Elizabeth,Gardner,egardner5u@mayoclinic.com,Indonesia
212,Meade,Swaden,mswaden5v@discuz.net,Russia
213,Vachel,Wrankling,vwrankling5w@shinystat.com,Thailand
214,Lynda,Barthorpe,lbarthorpe5x@buzzfeed.com,Serbia
215,My,Phayre,mphayre5y@last.fm,France
216,Gaye,Ewbanche,gewbanche5z@biglobe.ne.jp,France
217,Coralie,Tschirschky,ctschirschky60@earthlink.net,Kyrgyzstan
218,Wyatt,Hanwright,whanwright61@cbslocal.com,Yemen
219,Udell,Sword,usword62@symantec.com,Albania
220,Kris,Dulton,kdulton63@narod.ru,Philippines
221,Robert,Acland,racland64@over-blog.com,China
222,Pace,Jenman,pjenman65@intel.com,Thailand
223,Justis,Kenrack,jkenrack66@ox.ac.uk,Cameroon
224,Vidovik,Bowhay,vbowhay67@jimdo.com,Finland
225,Caprice,Hocking,chocking68@shutterfly.com,Azerbaijan
226,Cherry,Szymaniak,cszymaniak69@yellowpages.com,Russia
227,Elianore,O'Flaherty,eoflaherty6a@cyberchimps.com,France
228,Devy,Trassler,dtrassler6b@marketwatch.com,France
229,Mary,Drakers,mdrakers6c@nationalgeographic.com,China
230,Bar,Faltin,bfaltin6d@macromedia.com,Portugal
231,Karolina,Evemy,kevemy6e@census.gov,Turks and Caicos Islands
232,Alida,Arundel,aarundel6f@constantcontact.com,Poland
233,Lamont,Olivi,lolivi6g@foxnews.com,Canada
234,Dottie,Vallow,dvallow6h@google.ru,Panama
235,Tan,Liversage,tliversage6i@stumbleupon.com,Russia
236,Kellsie,Pritchard,kpritchard6j@mtv.com,Thailand
237,Raimondo,Matyatin,rmatyatin6k@drupal.org,Serbia
238,Laurena,MacGebenay,lmacgebenay6l@nih.gov,Azerbaijan
239,Harlie,Leftwich,hleftwich6m@boston.com,Poland
240,Timotheus,Willerson,twillerson6n@parallels.com,Sweden
241,Edlin,Childs,echilds6o@smugmug.com,Kenya
242,Honor,Ruske,hruske6p@patch.com,Indonesia
243,Faith,Adriano,fadriano6q@bing.com,Russia
244,Brigitte,Gainfort,bgainfort6r@example.com,France
245,Ilka,Liptrot,iliptrot6s@opensource.org,Brazil
246,Cristine,Jamot,cjamot6t@bloglovin.com,Philippines
247,Harmony,Burden,hburden6u@redcross.org,Cyprus
248,Gregg,Colegrove,gcolegrove6v@squarespace.com,Croatia
249,Park,Lebang,plebang6w@geocities.com,France
250,Rae,Pettyfer,rpettyfer6x@theguardian.com,Philippines
251,Giff,Georgelin,ggeorgelin6y@disqus.com,Russia
252,Lanna,Scroggins,lscroggins6z@ebay.com,Russia
253,Irvine,Blaszkiewicz,iblaszkiewicz70@alexa.com,Indonesia
254,Fred,Reinard,freinard71@craigslist.org,Tanzania
255,Ezekiel,Pappin,epappin72@washington.edu,China
256,Bernelle,Alberti,balberti73@friendfeed.com,Thailand
257,Babara,Mesnard,bmesnard74@mozilla.org,Portugal
258,Izzy,Labell,ilabell75@dailymotion.com,Russia
259,Jobina,Spiring,jspiring76@tuttocitta.it,Philippines
260,Rick,Sanbrook,rsanbrook77@w3.org,United States
261,Cheri,Etheredge,cetheredge78@wikipedia.org,China
262,Samaria,Klimontovich,sklimontovich79@ucoz.com,France
263,Barret,MacMaster,bmacmaster7a@dedecms.com,Russia
264,Gisela,Hazelton,ghazelton7b@pagesperso-orange.fr,China
265,Melamie,Gynne,mgynne7c@indiatimes.com,China
266,Myer,Malshinger,mmalshinger7d@hubpages.com,Philippines
267,Lucio,Coger,lcoger7e@paginegialle.it,El Salvador
268,Ezechiel,Sallowaye,esallowaye7f@nba.com,Russia
269,Gustavus,Burtwell,gburtwell7g@imgur.com,El Salvador
270,Bernardine,Laterza,blaterza7h@indiegogo.com,Brazil
271,Leah,Domnick,ldomnick7i@nifty.com,Morocco
272,Vanya,Ryland,vryland7j@twitter.com,China
273,Annelise,McDonand,amcdonand7k@wikimedia.org,Portugal
274,Shirleen,Aslott,saslott7l@ustream.tv,Japan
275,Bob,Leader,bleader7m@csmonitor.com,Nicaragua
276,Kylie,Cleever,kcleever7n@google.ca,China
277,Wilhelmine,Perico,wperico7o@cam.ac.uk,Japan
278,Lucille,Massie,lmassie7p@hc360.com,Laos
279,Yolanthe,Passie,ypassie7q@indiatimes.com,Japan
280,Clementine,Kelshaw,ckelshaw7r@dmoz.org,Argentina
281,Brigitte,Attwooll,battwooll7s@sitemeter.com,Poland
282,Vikky,Carberry,vcarberry7t@tripadvisor.com,Portugal
283,Lenee,Ozintsev,lozintsev7u@ebay.co.uk,El Salvador
284,Foster,Michell,fmichell7v@princeton.edu,Russia
285,Dell,Camfield,dcamfield7w@gravatar.com,Madagascar
286,Julianne,Alsford,jalsford7x@latimes.com,Albania
287,Sybila,MacAvaddy,smacavaddy7y@biblegateway.com,Norway
288,Linnea,Paddemore,lpaddemore7z@sogou.com,Bangladesh
289,Eddie,Beck,ebeck80@opensource.org,Thailand
290,Dora,Boays,dboays81@ustream.tv,Iran
291,Vivia,Toten,vtoten82@upenn.edu,Russia
292,Talbert,McMonies,tmcmonies83@github.io,Laos
293,Orazio,Dome,odome84@berkeley.edu,United Kingdom
294,Saleem,Schulze,sschulze85@amazon.co.jp,Brazil
295,Simone,Kimmins,skimmins86@amazon.co.uk,China
296,Elsinore,Jepperson,ejepperson87@bizjournals.com,Brazil
297,Inness,Skeene,iskeene88@wp.com,China
298,Yves,Darlison,ydarlison89@omniture.com,Croatia
299,Carmel,Gerald,cgerald8a@eventbrite.com,Portugal
300,Joeann,Gobourn,jgobourn8b@icq.com,Guatemala
301,Trix,Jeannet,tjeannet8c@printfriendly.com,Serbia
302,Jarrad,Goodacre,jgoodacre8d@theatlantic.com,Indonesia
303,Walton,Smead,wsmead8e@imgur.com,Vietnam
304,Nealon,Benoit,nbenoit8f@jalbum.net,Brazil
305,Modestine,Atwel,matwel8g@mapy.cz,China
306,Nevin,Gillice,ngillice8h@plala.or.jp,United States
307,Rosabel,Derington,rderington8i@freewebs.com,Russia
308,Minette,Tantrum,mtantrum8j@prnewswire.com,Brazil
309,Petra,Vine,pvine8k@i2i.jp,Peru
310,Rory,Hambribe,rhambribe8l@ucsd.edu,Indonesia
311,Aidan,Turneux,aturneux8m@eepurl.com,Peru
312,Betty,Luetkemeyers,bluetkemeyers8n@nifty.com,Bosnia and Herzegovina
313,Gasper,McSperrin,gmcsperrin8o@sciencedaily.com,France
314,Judie,Gruszka,jgruszka8p@discovery.com,Indonesia
315,Elsi,Abbitt,eabbitt8q@ning.com,China
316,Marinna,Luckhurst,mluckhurst8r@cnbc.com,Uganda
317,Murdoch,Meininger,mmeininger8s@about.com,Nigeria
318,Nola,Farrimond,nfarrimond8t@home.pl,Nigeria
319,Crin,Whife,cwhife8u@berkeley.edu,Peru
320,Brigid,McKerton,bmckerton8v@yellowpages.com,Tanzania
321,Carmine,Orlton,corlton8w@linkedin.com,Czech Republic
322,Peder,Glaysher,pglaysher8x@fastcompany.com,Sweden
323,Susette,Ridler,sridler8y@ca.gov,China
324,Johannes,Harnetty,jharnetty8z@patch.com,Sudan
325,Sholom,Blandford,sblandford90@thetimes.co.uk,Portugal
326,Gray,Linke,glinke91@home.pl,Brazil
327,Wandie,Aland,waland92@cocolog-nifty.com,Saint Vincent and the Grenadines
328,Marla,Elloway,melloway93@qq.com,Zimbabwe
329,Alisander,Corey,acorey94@vistaprint.com,Egypt
330,Boony,Jenoure,bjenoure95@so-net.ne.jp,Guatemala
331,Ermengarde,Feander,efeander96@cargocollective.com,Azerbaijan
332,Maddy,Soles,msoles97@amazon.com,United States
333,Maynord,Leversuch,mleversuch98@ocn.ne.jp,Indonesia
334,Barbara-anne,Stammer,bstammer99@soup.io,Portugal
335,Fidela,Bettesworth,fbettesworth9a@live.com,Poland
336,Phillipp,Kaemena,pkaemena9b@bigcartel.com,Indonesia
337,Barry,Cornhill,bcornhill9c@ca.gov,Yemen
338,Lorenzo,Volant,lvolant9d@indiegogo.com,China
339,Fredrika,Wayland,fwayland9e@house.gov,Philippines
340,Pippo,Gregoratti,pgregoratti9f@naver.com,China
341,Emera,Dummigan,edummigan9g@typepad.com,Panama
342,Kyla,Goodger,kgoodger9h@vk.com,Indonesia
343,Zulema,Bargery,zbargery9i@hhs.gov,Indonesia
344,Terrel,Skillanders,tskillanders9j@ca.gov,Ireland
345,Rania,Longman,rlongman9k@si.edu,Poland
346,Garik,Collyear,gcollyear9l@dropbox.com,Indonesia
347,Gael,Noir,gnoir9m@slideshare.net,Argentina
348,Pascal,Austin,paustin9n@theglobeandmail.com,Albania
349,Sonya,Stroton,sstroton9o@unesco.org,Colombia
350,Venus,Binion,vbinion9p@blogspot.com,China
351,Sergeant,Birney,sbirney9q@shutterfly.com,Russia
352,Delmore,Baddow,dbaddow9r@google.it,Philippines
353,Bambie,Baptista,bbaptista9s@mysql.com,Portugal
354,Mallory,Gellert,mgellert9t@sitemeter.com,Japan
355,Hamlin,Janjusevic,hjanjusevic9u@exblog.jp,Russia
356,Arleta,Randals,arandals9v@amazon.co.uk,Indonesia
357,Afton,Andreopolos,aandreopolos9w@cisco.com,Palestinian Territory
358,Dannie,Tolliday,dtolliday9x@netvibes.com,Bangladesh
359,Solomon,Ilyinski,silyinski9y@bbb.org,Croatia
360,Hermy,Dilston,hdilston9z@acquirethisname.com,France
361,Ki,Fishly,kfishlya0@harvard.edu,China
362,Harriett,Ventura,hventuraa1@sitemeter.com,Portugal
363,Palm,Burrel,pburrela2@alexa.com,China
364,Tanner,Grealey,tgrealeya3@cpanel.net,China
365,Arluene,Heather,aheathera4@t-online.de,Maldives
366,Quillan,Legh,qlegha5@tuttocitta.it,Colombia
367,Abramo,Jakubiak,ajakubiaka6@cloudflare.com,China
368,Gal,Breslane,gbreslanea7@diigo.com,France
369,Irita,Sharpin,isharpina8@examiner.com,China
370,Dayle,Yvon,dyvona9@home.pl,Sierra Leone
371,Stefania,Laxton,slaxtonaa@businesswire.com,Palestinian Territory
372,Carolus,Sidon,csidonab@t-online.de,China
373,Taffy,Wurst,twurstac@sciencedaily.com,Japan
374,Jerald,Gaymer,jgaymerad@hhs.gov,Ethiopia
375,Martyn,Doe,mdoeae@nasa.gov,China
376,Dyanne,Lackemann,dlackemannaf@timesonline.co.uk,China
377,Osborne,Churms,ochurmsag@google.co.uk,Bulgaria
378,Bert,Elsby,belsbyah@indiegogo.com,Philippines
379,Rodolphe,Wrennall,rwrennallai@youtu.be,Mongolia
380,Elayne,McAlester,emcalesteraj@mtv.com,Canada
381,Vance,Eisikowitz,veisikowitzak@squarespace.com,Vietnam
382,Julie,Chree,jchreeal@cisco.com,Indonesia
383,Petronilla,Niesing,pniesingam@nationalgeographic.com,Croatia
384,Cindelyn,McKague,cmckaguean@google.ca,Panama
385,Kala,Shaylor,kshaylorao@yellowpages.com,Philippines
386,Coleen,Clews,cclewsap@t.co,Botswana
387,Janean,Tubritt,jtubrittaq@odnoklassniki.ru,Ukraine
388,Alaster,Henker,ahenkerar@upenn.edu,Indonesia
389,Pyotr,Faithfull,pfaithfullas@networksolutions.com,Philippines
390,Pauli,Penright,ppenrightat@tinyurl.com,Canada
391,Hershel,Whytock,hwhytockau@comsenz.com,Philippines
392,Lira,Bergen,lbergenav@imgur.com,Bolivia
393,Laurel,Gildersleeve,lgildersleeveaw@tinypic.com,Mexico
394,Dew,Proven,dprovenax@sphinn.com,Ukraine
395,Bjorn,Pantry,bpantryay@istockphoto.com,Russia
396,Huberto,Greenland,hgreenlandaz@ycombinator.com,Brazil
397,Emmalee,Persian,epersianb0@51.la,Indonesia
398,Winny,Allon,wallonb1@drupal.org,France
399,Pammie,Swadlen,pswadlenb2@wiley.com,Indonesia
400,Garwood,Denney,gdenneyb3@nih.gov,Guatemala
